{
  "interactionModel": {
    "languageModel": {
      "invocationName": "music game",
      "intents": [
        {
          "name": "AMAZON.CancelIntent",
          "samples": [
            "undo"
          ]
        },
        {
          "name": "AMAZON.HelpIntent",
          "samples": []
        },
        {
          "name": "AMAZON.StopIntent",
          "samples": [
            "leave",
            "quit",
            "I am tired",
            "I m done",
            "lets quit",
            "nope"
          ]
        },
        {
          "name": "AMAZON.YesIntent",
          "samples": [
            "lets start",
            "start",
            "yes",
            "ready",
            "im ready",
            "yup"
          ]
        },
        {
          "name": "AnswerIntent",
          "slots": [
            {
              "name": "word",
              "type": "wordType"
            }
          ],
          "samples": [
            "its {word}",
            "its definitely {word}",
            "is it {word}",
            "i think its {word}",
            "{word}"
          ]
        },
        {
          "name": "AMAZON.MoreIntent",
          "samples": []
        },
        {
          "name": "AMAZON.NavigateHomeIntent",
          "samples": []
        },
        {
          "name": "AMAZON.NavigateSettingsIntent",
          "samples": []
        },
        {
          "name": "AMAZON.NextIntent",
          "samples": []
        },
        {
          "name": "AMAZON.PageUpIntent",
          "samples": []
        },
        {
          "name": "AMAZON.PageDownIntent",
          "samples": []
        },
        {
          "name": "AMAZON.PreviousIntent",
          "samples": []
        },
        {
          "name": "AMAZON.ScrollRightIntent",
          "samples": []
        },
        {
          "name": "AMAZON.ScrollDownIntent",
          "samples": []
        },
        {
          "name": "AMAZON.ScrollLeftIntent",
          "samples": []
        },
        {
          "name": "AMAZON.ScrollUpIntent",
          "samples": []
        },
        {
          "name": "MovieNameIntent",
          "slots": [
            {
              "name": "movieName",
              "type": "movieType"
            }
          ],
          "samples": [
            "I pick {movieName}",
            "lets do {movieName}",
            "{movieName}"
          ]
        },
        {
          "name": "NextQuoteIntent",
          "slots": [],
          "samples": [
            "question",
            "questions",
            "another question",
            "one more question",
            "next",
            "new question",
            "one more",
            "quote",
            "lets do a new quote",
            "next quote",
            "new quote"
          ]
        },
        {
          "name": "NextMovieIntent",
          "slots": [
            {
              "name": "newMovie",
              "type": "newMovieType"
            }
          ],
          "samples": [
            "{newMovie}",
            "next category",
            "movie",
            "new category",
            "lets do a new category",
            "lets do a new genre",
            "lets do a new movie"
          ]
        }
      ],
      "types": [
        {
          "values": [
            {
              "name": {
                "value": "secret"
              }
            },
            {
              "name": {
                "value": "sheltered"
              }
            },
            {
              "name": {
                "value": "led"
              }
            },
            {
              "name": {
                "value": "book"
              }
            },
            {
              "name": {
                "value": "knowledge"
              }
            },
            {
              "name": {
                "value": "really"
              }
            },
            {
              "name": {
                "value": "tasted"
              }
            },
            {
              "name": {
                "value": "nothing"
              }
            },
            {
              "name": {
                "value": "could"
              }
            },
            {
              "name": {
                "value": "put"
              }
            },
            {
              "name": {
                "value": "slightest"
              }
            },
            {
              "name": {
                "value": "this"
              }
            },
            {
              "name": {
                "value": "evening"
              }
            },
            {
              "name": {
                "value": "kid"
              }
            },
            {
              "name": {
                "value": "makes"
              }
            },
            {
              "name": {
                "value": "fires"
              }
            },
            {
              "name": {
                "value": "such"
              }
            },
            {
              "name": {
                "value": "ones"
              }
            },
            {
              "name": {
                "value": "been"
              }
            },
            {
              "name": {
                "value": "block"
              }
            },
            {
              "name": {
                "value": "looking"
              }
            },
            {
              "name": {
                "value": "your"
              }
            },
            {
              "name": {
                "value": "shoulder"
              }
            },
            {
              "name": {
                "value": "everybody"
              }
            },
            {
              "name": {
                "value": "dies"
              }
            },
            {
              "name": {
                "value": "walk"
              }
            },
            {
              "name": {
                "value": "thinking"
              }
            },
            {
              "name": {
                "value": "people"
              }
            },
            {
              "name": {
                "value": "hide"
              }
            },
            {
              "name": {
                "value": "would"
              }
            },
            {
              "name": {
                "value": "let"
              }
            },
            {
              "name": {
                "value": "story"
              }
            },
            {
              "name": {
                "value": "which"
              }
            },
            {
              "name": {
                "value": "am"
              }
            },
            {
              "name": {
                "value": "character"
              }
            },
            {
              "name": {
                "value": "warned"
              }
            },
            {
              "name": {
                "value": "use"
              }
            },
            {
              "name": {
                "value": "symbols"
              }
            },
            {
              "name": {
                "value": "budding"
              }
            },
            {
              "name": {
                "value": "dramatist"
              }
            },
            {
              "name": {
                "value": "relish"
              }
            },
            {
              "name": {
                "value": "melodrama"
              }
            },
            {
              "name": {
                "value": "larger"
              }
            },
            {
              "name": {
                "value": "life"
              }
            },
            {
              "name": {
                "value": "characters"
              }
            },
            {
              "name": {
                "value": "larger than life"
              }
            },
            {
              "name": {
                "value": "larger-than-life"
              }
            },
            {
              "name": {
                "value": "truly"
              }
            },
            {
              "name": {
                "value": "great"
              }
            },
            {
              "name": {
                "value": "plays"
              }
            },
            {
              "name": {
                "value": "day"
              }
            },
            {
              "name": {
                "value": "surprise"
              }
            },
            {
              "name": {
                "value": "everyone"
              }
            },
            {
              "name": {
                "value": "turn"
              }
            },
            {
              "name": {
                "value": "profound"
              }
            },
            {
              "name": {
                "value": "masterpiece"
              }
            },
            {
              "name": {
                "value": "mickey"
              }
            },
            {
              "name": {
                "value": "rubin"
              }
            },
            {
              "name": {
                "value": "poetic"
              }
            },
            {
              "name": {
                "value": "nature"
              }
            },
            {
              "name": {
                "value": "harbor"
              }
            },
            {
              "name": {
                "value": "dreams"
              }
            },
            {
              "name": {
                "value": "writer"
              }
            },
            {
              "name": {
                "value": "beach"
              }
            },
            {
              "name": {
                "value": "boardwalk"
              }
            },
            {
              "name": {
                "value": "once"
              }
            },
            {
              "name": {
                "value": "luminous"
              }
            },
            {
              "name": {
                "value": "jewel"
              }
            },
            {
              "name": {
                "value": "growing"
              }
            },
            {
              "name": {
                "value": "relentlessly"
              }
            },
            {
              "name": {
                "value": "seedier"
              }
            },
            {
              "name": {
                "value": "tides"
              }
            },
            {
              "name": {
                "value": "roll"
              }
            },
            {
              "name": {
                "value": "out"
              }
            },
            {
              "name": {
                "value": "eternal"
              }
            },
            {
              "name": {
                "value": "power"
              }
            },
            {
              "name": {
                "value": "universe"
              }
            },
            {
              "name": {
                "value": "conversion"
              }
            },
            {
              "name": {
                "value": "mass"
              }
            },
            {
              "name": {
                "value": "energy"
              }
            },
            {
              "name": {
                "value": "furies"
              }
            },
            {
              "name": {
                "value": "work"
              }
            },
            {
              "name": {
                "value": "whatever"
              }
            },
            {
              "name": {
                "value": "her"
              }
            },
            {
              "name": {
                "value": "motive"
              }
            },
            {
              "name": {
                "value": "appreciated"
              }
            },
            {
              "name": {
                "value": "does"
              }
            },
            {
              "name": {
                "value": "believe"
              }
            },
            {
              "name": {
                "value": "god"
              }
            },
            {
              "name": {
                "value": "why"
              }
            },
            {
              "name": {
                "value": "get"
              }
            },
            {
              "name": {
                "value": "screwed"
              }
            },
            {
              "name": {
                "value": "doing"
              }
            },
            {
              "name": {
                "value": "my"
              }
            },
            {
              "name": {
                "value": "job"
              }
            },
            {
              "name": {
                "value": "supposed"
              }
            },
            {
              "name": {
                "value": "touch"
              }
            },
            {
              "name": {
                "value": "mini"
              }
            },
            {
              "name": {
                "value": "bar"
              }
            },
            {
              "name": {
                "value": "mini-bar"
              }
            },
            {
              "name": {
                "value": "care"
              }
            },
            {
              "name": {
                "value": "anymore"
              }
            },
            {
              "name": {
                "value": "having"
              }
            },
            {
              "name": {
                "value": "merlot"
              }
            },
            {
              "name": {
                "value": "crisis"
              }
            },
            {
              "name": {
                "value": "had"
              }
            },
            {
              "name": {
                "value": "faith"
              }
            },
            {
              "name": {
                "value": "sold"
              }
            },
            {
              "name": {
                "value": "soul"
              }
            },
            {
              "name": {
                "value": "personal"
              }
            },
            {
              "name": {
                "value": "gain"
              }
            },
            {
              "name": {
                "value": "decide"
              }
            },
            {
              "name": {
                "value": "want"
              }
            },
            {
              "name": {
                "value": "be"
              }
            },
            {
              "name": {
                "value": "americans"
              }
            },
            {
              "name": {
                "value": "tear"
              }
            },
            {
              "name": {
                "value": "up"
              }
            },
            {
              "name": {
                "value": "planks"
              }
            },
            {
              "name": {
                "value": "here"
              }
            },
            {
              "name": {
                "value": "beating"
              }
            },
            {
              "name": {
                "value": "hideous"
              }
            },
            {
              "name": {
                "value": "from"
              }
            },
            {
              "name": {
                "value": "place"
              }
            },
            {
              "name": {
                "value": "see"
              }
            },
            {
              "name": {
                "value": "comes"
              }
            },
            {
              "name": {
                "value": "sound"
              }
            },
            {
              "name": {
                "value": "hear"
              }
            },
            {
              "name": {
                "value": "movement"
              }
            },
            {
              "name": {
                "value": "sign"
              }
            },
            {
              "name": {
                "value": "shadow"
              }
            },
            {
              "name": {
                "value": "shakespeare"
              }
            },
            {
              "name": {
                "value": "only"
              }
            },
            {
              "name": {
                "value": "poet"
              }
            },
            {
              "name": {
                "value": "know"
              }
            },
            {
              "name": {
                "value": "minor"
              }
            },
            {
              "name": {
                "value": "sniping"
              }
            },
            {
              "name": {
                "value": "tale"
              }
            },
            {
              "name": {
                "value": "simple"
              }
            },
            {
              "name": {
                "value": "enemy"
              }
            },
            {
              "name": {
                "value": "but"
              }
            },
            {
              "name": {
                "value": "so"
              }
            },
            {
              "name": {
                "value": "different"
              }
            },
            {
              "name": {
                "value": "one"
              }
            },
            {
              "name": {
                "value": "come"
              }
            },
            {
              "name": {
                "value": "another"
              }
            },
            {
              "name": {
                "value": "mans"
              }
            },
            {
              "name": {
                "value": "country"
              }
            },
            {
              "name": {
                "value": "camouflaged"
              }
            },
            {
              "name": {
                "value": "yourself"
              }
            },
            {
              "name": {
                "value": "his"
              }
            },
            {
              "name": {
                "value": "land"
              }
            },
            {
              "name": {
                "value": "soil"
              }
            },
            {
              "name": {
                "value": "where"
              }
            },
            {
              "name": {
                "value": "sitting"
              }
            },
            {
              "name": {
                "value": "look"
              }
            },
            {
              "name": {
                "value": "very"
              }
            },
            {
              "name": {
                "value": "much"
              }
            },
            {
              "name": {
                "value": "terrorist"
              }
            },
            {
              "name": {
                "value": "whoever"
              }
            },
            {
              "name": {
                "value": "gone"
              }
            },
            {
              "name": {
                "value": "over"
              }
            },
            {
              "name": {
                "value": "memo"
              }
            },
            {
              "name": {
                "value": "flash"
              }
            },
            {
              "name": {
                "value": "light"
              }
            },
            {
              "name": {
                "value": "boom"
              }
            },
            {
              "name": {
                "value": "hey"
              }
            },
            {
              "name": {
                "value": "at"
              }
            },
            {
              "name": {
                "value": "least"
              }
            },
            {
              "name": {
                "value": "we\u0027re"
              }
            },
            {
              "name": {
                "value": "not"
              }
            },
            {
              "name": {
                "value": "drug"
              }
            },
            {
              "name": {
                "value": "addicts"
              }
            },
            {
              "name": {
                "value": "going"
              }
            },
            {
              "name": {
                "value": "bury"
              }
            },
            {
              "name": {
                "value": "marine"
              }
            },
            {
              "name": {
                "value": "son"
              }
            },
            {
              "name": {
                "value": "every"
              }
            },
            {
              "name": {
                "value": "generation"
              }
            },
            {
              "name": {
                "value": "has"
              }
            },
            {
              "name": {
                "value": "their"
              }
            },
            {
              "name": {
                "value": "war"
              }
            },
            {
              "name": {
                "value": "men"
              }
            },
            {
              "name": {
                "value": "wars"
              }
            },
            {
              "name": {
                "value": "ends"
              }
            },
            {
              "name": {
                "value": "funeral"
              }
            },
            {
              "name": {
                "value": "just"
              }
            },
            {
              "name": {
                "value": "looks"
              }
            },
            {
              "name": {
                "value": "take"
              }
            },
            {
              "name": {
                "value": "little"
              }
            },
            {
              "name": {
                "value": "longer"
              }
            },
            {
              "name": {
                "value": "all"
              }
            },
            {
              "name": {
                "value": "due"
              }
            },
            {
              "name": {
                "value": "respect"
              }
            },
            {
              "name": {
                "value": "sir"
              }
            },
            {
              "name": {
                "value": "cutting"
              }
            },
            {
              "name": {
                "value": "off"
              }
            },
            {
              "name": {
                "value": "nose"
              }
            },
            {
              "name": {
                "value": "spite"
              }
            },
            {
              "name": {
                "value": "face"
              }
            },
            {
              "name": {
                "value": "time"
              }
            },
            {
              "name": {
                "value": "chow"
              }
            },
            {
              "name": {
                "value": "line"
              }
            },
            {
              "name": {
                "value": "than"
              }
            },
            {
              "name": {
                "value": "corps"
              }
            },
            {
              "name": {
                "value": "man"
              }
            },
            {
              "name": {
                "value": "loved"
              }
            },
            {
              "name": {
                "value": "run"
              }
            },
            {
              "name": {
                "value": "field"
              }
            },
            {
              "name": {
                "value": "younger"
              }
            },
            {
              "name": {
                "value": "days"
              }
            },
            {
              "name": {
                "value": "rather"
              }
            },
            {
              "name": {
                "value": "fighting"
              }
            },
            {
              "name": {
                "value": "own"
              }
            },
            {
              "name": {
                "value": "backyard"
              }
            },
            {
              "name": {
                "value": "sal"
              }
            },
            {
              "name": {
                "value": "manners"
              }
            },
            {
              "name": {
                "value": "dog"
              }
            },
            {
              "name": {
                "value": "somewhere"
              }
            },
            {
              "name": {
                "value": "remind"
              }
            },
            {
              "name": {
                "value": "sons"
              }
            },
            {
              "name": {
                "value": "heart"
              }
            },
            {
              "name": {
                "value": "urine"
              }
            },
            {
              "name": {
                "value": "official"
              }
            },
            {
              "name": {
                "value": "scent"
              }
            },
            {
              "name": {
                "value": "city"
              }
            },
            {
              "name": {
                "value": "colonels"
              }
            },
            {
              "name": {
                "value": "scare"
              }
            },
            {
              "name": {
                "value": "have"
              }
            },
            {
              "name": {
                "value": "never"
              }
            },
            {
              "name": {
                "value": "will"
              }
            },
            {
              "name": {
                "value": "sometimes"
              }
            },
            {
              "name": {
                "value": "empty"
              }
            },
            {
              "name": {
                "value": "page"
              }
            },
            {
              "name": {
                "value": "presents"
              }
            },
            {
              "name": {
                "value": "more"
              }
            },
            {
              "name": {
                "value": "possibilities"
              }
            },
            {
              "name": {
                "value": "late"
              }
            },
            {
              "name": {
                "value": "honey"
              }
            },
            {
              "name": {
                "value": "silent"
              }
            },
            {
              "name": {
                "value": "magic"
              }
            },
            {
              "name": {
                "value": "watch"
              }
            },
            {
              "name": {
                "value": "wake"
              }
            },
            {
              "name": {
                "value": "poetry"
              }
            },
            {
              "name": {
                "value": "translations"
              }
            },
            {
              "name": {
                "value": "like"
              }
            },
            {
              "name": {
                "value": "taking"
              }
            },
            {
              "name": {
                "value": "shower"
              }
            },
            {
              "name": {
                "value": "with"
              }
            },
            {
              "name": {
                "value": "raincoat"
              }
            },
            {
              "name": {
                "value": "without"
              }
            },
            {
              "name": {
                "value": "what"
              }
            },
            {
              "name": {
                "value": "reason"
              }
            },
            {
              "name": {
                "value": "anything"
              }
            },
            {
              "name": {
                "value": "dreaming"
              }
            },
            {
              "name": {
                "value": "that"
              }
            },
            {
              "name": {
                "value": "we"
              }
            },
            {
              "name": {
                "value": "in"
              }
            },
            {
              "name": {
                "value": "ancient"
              }
            },
            {
              "name": {
                "value": "persia"
              }
            },
            {
              "name": {
                "value": "were"
              }
            },
            {
              "name": {
                "value": "riding"
              }
            },
            {
              "name": {
                "value": "on"
              }
            },
            {
              "name": {
                "value": "an"
              }
            },
            {
              "name": {
                "value": "elephant"
              }
            },
            {
              "name": {
                "value": "big"
              }
            },
            {
              "name": {
                "value": "silver"
              }
            },
            {
              "name": {
                "value": "yeah"
              }
            },
            {
              "name": {
                "value": "guess"
              }
            },
            {
              "name": {
                "value": "for"
              }
            },
            {
              "name": {
                "value": "love"
              }
            },
            {
              "name": {
                "value": "poem"
              }
            },
            {
              "name": {
                "value": "kind"
              }
            },
            {
              "name": {
                "value": "inspired"
              }
            },
            {
              "name": {
                "value": "by"
              }
            },
            {
              "name": {
                "value": "our"
              }
            },
            {
              "name": {
                "value": "ohio"
              }
            },
            {
              "name": {
                "value": "blue"
              }
            },
            {
              "name": {
                "value": "tip"
              }
            },
            {
              "name": {
                "value": "matches"
              }
            },
            {
              "name": {
                "value": "guitar"
              }
            },
            {
              "name": {
                "value": "should"
              }
            },
            {
              "name": {
                "value": "arrive"
              }
            },
            {
              "name": {
                "value": "today"
              }
            },
            {
              "name": {
                "value": "harlequin"
              }
            },
            {
              "name": {
                "value": "direct"
              }
            },
            {
              "name": {
                "value": "esteban"
              }
            },
            {
              "name": {
                "value": "think"
              }
            },
            {
              "name": {
                "value": "there"
              }
            },
            {
              "name": {
                "value": "any"
              }
            },
            {
              "name": {
                "value": "other"
              }
            },
            {
              "name": {
                "value": "anarchists"
              }
            },
            {
              "name": {
                "value": "still"
              }
            },
            {
              "name": {
                "value": "around"
              }
            },
            {
              "name": {
                "value": "paterson"
              }
            },
            {
              "name": {
                "value": "always"
              }
            },
            {
              "name": {
                "value": "say"
              }
            },
            {
              "name": {
                "value": "try"
              }
            },
            {
              "name": {
                "value": "change"
              }
            },
            {
              "name": {
                "value": "things"
              }
            },
            {
              "name": {
                "value": "make"
              }
            },
            {
              "name": {
                "value": "them"
              }
            },
            {
              "name": {
                "value": "even"
              }
            },
            {
              "name": {
                "value": "worse"
              }
            },
            {
              "name": {
                "value": "speaking"
              }
            },
            {
              "name": {
                "value": "pie"
              }
            },
            {
              "name": {
                "value": "wanted"
              }
            },
            {
              "name": {
                "value": "tell"
              }
            },
            {
              "name": {
                "value": "something"
              }
            },
            {
              "name": {
                "value": "about"
              }
            },
            {
              "name": {
                "value": "notebook"
              }
            }
          ],
          "name": "wordType"
        },
        {
          "values": [
            {
              "name": {
                "value": "All Time Hit Songs",
                "synonyms": [
                  "old is gold",
                  "all time popular",
                  "evergreen",
                  "Early 2000s Music",
                  "nostalgia music",
                  "2000s",
                  "best of all time"
                ]
              }
            },
            {
              "name": {
                "value": "Global Hits",
                "synonyms": [
                  "Most Popular",
                  "Global",
                  "Top Worldwide",
                  "Random"
                ]
              }
            },
            {
              "name": {
                "value": "Rock Music",
                "synonyms": [
                  "rock",
                  "rock songs"
                ]
              }
            },
            {
              "name": {
                "value": "Top Hollywood Movie Quotes",
                "synonyms": [
                  "hollywood quotes",
                  "english quotes",
                  "popular hollywood"
                ]
              }
            },
            {
              "name": {
                "value": "Top Bollywood Movie Quotes",
                "synonyms": [
                  "Bollywood",
                  "Top Indian Movies",
                  "Indian Quotes",
                  "film quotes"
                ]
              }
            }
          ],
          "name": "movieType"
        },
        {
          "values": [
            {
              "name": {
                "value": "lets do a new category"
              }
            },
            {
              "name": {
                "value": "category"
              }
            },
            {
              "name": {
                "value": "next category"
              }
            },
            {
              "name": {
                "value": "new category"
              }
            }
          ],
          "name": "newMovieType"
        }
      ]
    }
  },
  "version": "2"
}