{
    "type": "APL",
    "version": "1.0",
    "import": [
        {
            "name": "alexa-viewport-profiles",
            "version": "1.0.0"
        }
    ],
    "mainTemplate": {
        "parameters": [
            "datasource"
        ],
        "item": [
            {
                "type": "Container",
                "direction": "row",
                "width": "100vw",
                "height": "100vh",
                "alignItems": "center",
                "justifyContent": "center",
                "items": [
                    {
                        "type": "Image",
                        "source": "https://i.imgur.com/lfWoxYk.png",
                        "position": "absolute",
                        "width": "100vw",
                        "height": "100vh",
                        "scale": "best-fill"
                    },
                    {
                        "type": "Text",
                        "text": "${datasource.movieQuoteQuizData.properties.title}",
                        "color": "#ffffff",
                        "width": "70vw",
                        "fontSize": "7vw",
                        "textAlign": "center"
                    }
                ]
            }
        ]
    }
}